<?xml version="1.0"?>
<!--

    Copyright (c) 2011, JWebUnit team.

    This file is part of JWebUnit.

    JWebUnit is free software: you can redistribute it and/or modify
    it under the terms of the GNU Lesser General Public License as published by
    the Free Software Foundation, either version 3 of the License, or
    (at your option) any later version.

    JWebUnit is distributed in the hope that it will be useful,
    but WITHOUT ANY WARRANTY; without even the implied warranty of
    MERCHANTABILITY or FITNESS FOR A PARTICULAR PURPOSE.  See the
    GNU General Public License for more details.

    You should have received a copy of the GNU Lesser General Public License
    along with JWebUnit.  If not, see <http://www.gnu.org/licenses/>.

-->
<document>
    <properties>
        <author email="dashorst.at.users.sourceforge.net">Martijn Dashorst</author>
        <title>JWebUnit</title>
    </properties>
    <meta name="keyword" content="jwebunit, java, junit, htmlunit, jacobie, httpunit, integration, test, automated, html, webtest"/>
	<head>
		<link rel="shortcut icon" href="../favicon.ico" type="image/x-icon" />
	</head>
<body>
<section name="HtmlUnit plugin">
    <p>
        The following sample testcases illustrate the conciseness of JWebUnit versus HtmlUnit
        and JUnit alone.  The tests perform a google search
        for the HtmlUnit home page, navigate to that page from Google, and validate that
        there is a link to the user manual on the HtmlUnit home page.  The code in the
        first column is pure HtmlUnit / JUnit, while the second column uses the JWebUnit framework.
    </p>
    <p>
<table cellspacing="2" border="0">
<tr><th>JUnit/HtmlUnit Test</th><th>JWebUnit Test</th></tr>
<tr>
<td valign="top" nowrap="nowrap">
<source>
import java.net.URL;

import com.gargoylesoftware.htmlunit.WebClient;
import com.gargoylesoftware.htmlunit.html.HtmlAnchor;
import com.gargoylesoftware.htmlunit.html.HtmlForm;
import com.gargoylesoftware.htmlunit.html.HtmlPage;
import com.gargoylesoftware.htmlunit.html.HtmlSubmitInput;
import com.gargoylesoftware.htmlunit.html.HtmlTextInput;

import org.junit.Test;

public class SearchExample {
    
    @Test
    public void testSearch() throws Exception {
        final WebClient webClient = new WebClient();
        final URL url = new URL("http://www.google.com");
        final HtmlPage page = (HtmlPage)webClient.getPage(url);
        HtmlForm form = (HtmlForm) page.getForms().get(0);
        HtmlTextInput text = (HtmlTextInput) form.getInputByName("q");
        text.setValueAttribute("HtmlUnit");
        HtmlSubmitInput btn = (HtmlSubmitInput) form.getInputByName("btnG");
        HtmlPage page2 = (HtmlPage) btn.click();
        HtmlAnchor link = page2.getAnchorByHref("http://htmlunit.sourceforge.net/");
        HtmlPage page3 = (HtmlPage) link.click();
        assertEquals(page3.getTitleText(), "htmlunit - Welcome to HtmlUnit");
        assertNotNull(page3.getAnchorByHref("gettingStarted.html"));
     }
}
</source>
</td>
<td valign="top" nowrap="nowrap">
<source>
import org.junit.Before;
import org.junit.Test;

import static net.sourceforge.jwebunit.junit.JWebUnit.*;

public class SearchExample {
    
    @Before
    public void prepare() {
        setBaseUrl("http://www.google.com");
    }
    
    @Test
    public void testSearch() {
        beginAt("/");
        setTextField("q", "htmlunit");
        submit("btnG");
        clickLinkWithText("HtmlUnit");
        assertTitleEquals("htmlunit - Welcome to HtmlUnit");
        assertLinkPresentWithText("Get started");
     }
}
</source>
</td>
</tr>
</table>
</p>
</section>
<section name="HowTo manage dependencies with Maven 2">
	<p>
		Just add the following dependency to your pom:
		<source><pre>
...
&lt;dependencies&gt;
    ...
    &lt;dependency&gt;
        &lt;groupId&gt;net.sourceforge.jwebunit&lt;/groupId&gt;
        &lt;artifactId&gt;jwebunit-htmlunit-plugin&lt;/artifactId&gt;
        &lt;version&gt;3.0&lt;/version&gt;
    &lt;/dependency&gt;
    ...
&lt;/dependencies&gt;
...
		</pre></source>
	</p>
</section>
</body>    
</document>
