<!--

    Copyright (c) 2011, JWebUnit team.

    This file is part of JWebUnit.

    JWebUnit is free software: you can redistribute it and/or modify
    it under the terms of the GNU Lesser General Public License as published by
    the Free Software Foundation, either version 3 of the License, or
    (at your option) any later version.

    JWebUnit is distributed in the hope that it will be useful,
    but WITHOUT ANY WARRANTY; without even the implied warranty of
    MERCHANTABILITY or FITNESS FOR A PARTICULAR PURPOSE.  See the
    GNU General Public License for more details.

    You should have received a copy of the GNU Lesser General Public License
    along with JWebUnit.  If not, see <http://www.gnu.org/licenses/>.

-->
<assembly>
  <id>release</id>
  <formats>
    <format>zip</format>
  </formats>
  <includeBaseDirectory>false</includeBaseDirectory>
  <fileSets>
        <fileSet>
          <includes>
            <include>README*</include>
            <include>LICENSE*</include>
            <include>COPYING*</include>
          </includes>
        </fileSet>
        <fileSet>
          <directory>jwebunit-core/target/</directory>
          <outputDirectory>javadoc</outputDirectory>
          <includes>
            <include>*-javadoc.jar</include>
          </includes>
        </fileSet>
        <fileSet>
          <directory>jwebunit-htmlunit-plugin/target/</directory>
          <outputDirectory>javadoc</outputDirectory>
          <includes>
            <include>*-javadoc.jar</include>
          </includes>
        </fileSet>
        <fileSet>
          <directory>jwebunit-core/target/</directory>
          <outputDirectory>src</outputDirectory>
          <includes>
            <include>*-sources.jar</include>
          </includes>
        </fileSet>
        <fileSet>
          <directory>jwebunit-htmlunit-plugin/target/</directory>
          <outputDirectory>src</outputDirectory>
          <includes>
            <include>*-sources.jar</include>
          </includes>
        </fileSet>
  </fileSets>
  <moduleSets>
    <moduleSet>
      <includes>
        <include>net.sourceforge.jwebunit:jwebunit-htmlunit-plugin</include>
      </includes>
      <binaries>
        <includeDependencies>true</includeDependencies>
        <unpack>false</unpack>
        <dependencySets>
          <dependencySet>
            <scope>runtime</scope>
            <outputDirectory>lib</outputDirectory>
            <excludes>
              <exclude>net.sourceforge.jwebunit:jwebunit-core</exclude>
              <exclude>javax.servlet:servlet-api</exclude>
            </excludes>
          </dependencySet>
        </dependencySets>
      </binaries>
    </moduleSet>
    <moduleSet>
      <includes>
        <include>net.sourceforge.jwebunit:jwebunit-core</include>
      </includes>
      <binaries>
        <includeDependencies>true</includeDependencies>
        <unpack>false</unpack>
        <dependencySets>
          <dependencySet>
            <scope>runtime</scope>
            <outputDirectory>lib</outputDirectory>
          </dependencySet>
        </dependencySets>
      </binaries>
    </moduleSet>
  </moduleSets>
</assembly>