<?xml version="1.0"?>
<!--

    Copyright (c) 2011, JWebUnit team.

    This file is part of JWebUnit.

    JWebUnit is free software: you can redistribute it and/or modify
    it under the terms of the GNU Lesser General Public License as published by
    the Free Software Foundation, either version 3 of the License, or
    (at your option) any later version.

    JWebUnit is distributed in the hope that it will be useful,
    but WITHOUT ANY WARRANTY; without even the implied warranty of
    MERCHANTABILITY or FITNESS FOR A PARTICULAR PURPOSE.  See the
    GNU General Public License for more details.

    You should have received a copy of the GNU Lesser General Public License
    along with JWebUnit.  If not, see <http://www.gnu.org/licenses/>.

-->
<document>
	<properties>
		<author>Julien HENRY</author>
		<title>Quick Start</title>
	</properties>
<body class="default">
<section name="JWebUnit Quickstart">
<p>
    This quickstart contains sample code and guidance to get you started with JWebUnit.  To see all
    of the methods available, consult the <a href="apidocs/index.html">Javadocs</a> - particularly
    the WebTestCase class for full documentation.
</p>
<subsection name="Creating a JUnit 4 TestCase">
<p>
	JWebUnit uses two approaches for creating JUnit 4 test cases: static import and delegation. The simplest is
	to statically import all methods of net.sourceforge.jwebunit.junit.JWebUnit.

	<source>
import static net.sourceforge.jwebunit.junit.JWebUnit.*;

public class ExampleWebTestCase {
	
	@Before
    public void prepare() {
        setBaseUrl("http://localhost:8080/test");
    }

    @Test
    public void test1() {
        beginAt("home.xhtml"); //Open the browser on http://localhost:8080/test/home.xhtml
        clickLink("login");
        assertTitleEquals("Login");
        setTextField("username", "test");
        setTextField("password", "test123");
        submit();
        assertTitleEquals("Welcome, test!");
    }
}
	</source>
	An alternative is to include an instance of the WebTester class in your TestCase and delegate navigation
	and assertions to it.  This is provided in case you need or prefer delegation.
	
	<source>
import net.sourceforge.jwebunit.junit.WebTester;

public class ExampleWebTestCase {
    private WebTester tester;

    @Before
    public void prepare() {
        tester = new WebTester();
        tester.setBaseUrl("http://localhost:8080/test");
    }
    
    @Test
    public void test1() {
        tester.beginAt("home.xhtml"); //Open the browser on http://localhost:8080/test/home.xhtml
        tester.clickLink("login");
        tester.assertTitleEquals("Login");
        tester.setTextField("username", "test");
        tester.setTextField("password", "test123");
        tester.submit();
        tester.assertTitleEquals("Welcome, test!");
    }
}
	</source>
In the following samples, JUnit 4 and static import will be used.
</p>
</subsection>

<subsection name="Creating a JUnit 3 TestCase (deprecated)">
<p>
	JWebUnit uses two approaches for creating JUnit 3 test cases: inheritance and delegation. The simplest is
	to inherit from WebTestCase rather than junit.framework.TestCase.

	<source>
import net.sourceforge.jwebunit.junit.WebTestCase;

public class ExampleWebTestCase extends WebTestCase {
	
    public void setUp() {
        super.setUp();
        setBaseUrl("http://localhost:8080/test");
    }

    public void test1() {
        beginAt("home.xhtml"); //Open the browser on http://localhost:8080/test/home.xhtml
        clickLink("login");
        assertTitleEquals("Login");
        setTextField("username", "test");
        setTextField("password", "test123");
        submit();
        assertTitleEquals("Welcome, test!");
    }
}
	</source>
	An alternative is to include an instance of the WebTester class in your TestCase and delegate navigation
	and assertions to it.  This is provided in case you need or prefer delegation.
	<b>WARNING: WebTester was migrated to JUnit 4. As a result all assertXX will throw java.lang.AssertionError 
	instead of old junit.framework.AssertionFailedError.</b>
	<source>
import junit.framework.TestCase;
import net.sourceforge.jwebunit.junit.WebTester;

public class ExampleWebTestCase extends TestCase {
    private WebTester tester;

    public void setUp() {
        super.setUp();
        tester = new WebTester();
        tester.setBaseUrl("http://localhost:8080/test");
    }
    
    public void test1() {
        tester.beginAt("home.xhtml"); //Open the browser on http://localhost:8080/test/home.xhtml
        tester.clickLink("login");
        tester.assertTitleEquals("Login");
        tester.setTextField("username", "test");
        tester.setTextField("password", "test123");
        tester.submit();
        tester.assertTitleEquals("Welcome, test!");
    }
}
	</source>
</p>
</subsection>

<subsection name="Selecting the plugin you want to use">
<p>
    JWebUnit can use different plugins to execute the tests you write. Only one line makes the difference:
<source>
import net.sourceforge.jwebunit.util.TestingEngineRegistry;
import org.junit.Before;

import static net.sourceforge.jwebunit.junit.JWebUnit.*;

public class ExampleWebTestCase {

    @Before
    public void prepare() {
        setTestingEngineKey(TestingEngineRegistry.TESTING_ENGINE_HTMLUNIT);    <i>// use HtmlUnit</i>
        setTestingEngineKey(TestingEngineRegistry.TESTING_ENGINE_SELENIUM);    <i>// use Selenium</i>
    }
}
</source>
	NB: If you have only one plugin in your classpath, you don't need to explicitly specify
	to use it, JWebUnit will find and use it.
</p>
</subsection>

<subsection name="Navigating Your Web Application">
<p>
	The primary way that JWebUnit allows you to test your web application is through navigation
	of the application itself. You can consider each test case as a use case through the 
	application itself. The first step is to point where the testable application is hosted
	so that it may be accessed by JWebUnit. It can generally be done in a test fixture.

<source>
    @Before
    public void prepare() {
        setBaseUrl("http://myserver:8080/myapp");
    }
</source>
</p>

<p>
	Note that you should not be pointing to the production version of your web application, but
	rather a sandboxed development or testing server!
</p>

<p>
    Now that the TestCase is pointed at your application, you can navigate to a particular resource
    to ensure that it exists, and contains the content you expect. For example,
    if your application starts at <b>index.html</b> and contains a link to your login page
    under "Login", you may test these assertions through the following code:

<source>
    @Test
    public void testIndexLogin() {
        beginAt("index.html");        <i>// start at index.html</i>
        assertTitleEquals("Home");     <i>// the home page should be titled "Home"</i>
        assertLinkPresent("Login");    <i>// there should be a "Login" link</i>
        clickLink("Login");            <i>// click the link</i>
        assertTitleEquals("Login");    <i>// we should now be on the login page</i>
    }
</source>
	<b>assertLinkPresent()</b> searches for links by a string ID; <b>assertLinkPresentWithText()</b>
	searches for links that contain a text string. For more information on the differences
	between the various testing methods, check out the <a href="apidocs/index.html">Javadocs</a>.
</p>
</subsection>

<subsection name="Working With Forms">
<p>
	Now that we can access the Login page, we can use JWebUnit to fill out the form and assert
	that it works as expected.

<source>
    @Test
    public void testFormSubmission() {
        beginAt("login.html");
        assertTitleEquals("Login");    <i>// we should be on the login page</i>
        
        // fill out the form
        assertLinkNotPresent("Logout");		<i>// we should not be logged in</i>
        assertFormPresent("login_form");
        assertFormElementPresent("username");
        assertFormElementPresent("password");
        setTextField("username", "test");
        setTextField("password", "test123");
        assertFormElementEquals("username", "test");
        submit();
        
        // now that we have filled out the form,
        // we can assert that we can logout
        assertLinkPresent("Logout");		<i>// we should now be logged in</i>
    }
</source>
</p>

<p>
	JWebUnit, through HtmlUnit/Selenium, automatically keeps track of cookies and session variables
	specified by the web application, allowing you to traverse through your site as if you were
	a normal user.
</p>

<p>
    For pages with more than one form, JWebUnit will usually establish which form is being worked with 
    implicitly from the form elements being accessed.  You can also set the form explicitly by form ID or name:
<source>
    @Test
    public void testBottomFormSubmission() {
        beginAt("twoForm.html");
        setWorkingForm("bottomForm");
        submit();
    }
</source>
    You can work with non-submit (type='button') buttons as well:
<source>
    @Test
    public void testPopupButton() {
        beginAt("info.html");
        assertButtonPresent("popupButtonId"); <i>// clickButton() will also check this</i>
        clickButton("popupButtonId");
        assertWindowPresent("popupWindow");
    }
</source>

</p>
</subsection>

<subsection name="Working With Frames and Windows">
<p>
    You can assert the presence of and navigate to windows by name.  For instance, if clicking on a
    button on the root page should open a window, you could test for this and go to the popup window
    as follows:
</p>
<source>
    @Test
    public void testPopupWindow() {
        beginAt("rootPage.html");
        clickLink("popupLink");
        assertWindowPresent("popupWindow):  <i>// optional - gotoWindow will</i>
                                            <i>// also perform this assertion.</i>
        gotoWindow("popupWindow");
        ...
        gotoRootWindow();  //Use this method to return to root window.
    }
</source>
<p>
    You can work with frames in a similar manner:
</p>
<source>
    @Test
    public void testFrame() {
        beginAt("info.html");
        assertFramePresent("contentFrame");
        gotoFrame("contentFrame");
        ...
    }
</source>
</subsection>

<subsection name="Validating Page Content">
<p>
    Once you have navigated to the page you wish to test, you can call the assertions provided by JWebUnit to 
    verify it's correctness.
</p>
<source>
    @Test
    public void testCorrectness() {
        beginAt("mainPage.xhtml");
        assertTitleEquals("Main Page");
        assertLinkPresentWithText("Add Widget");
        clickLinkWithText("Add Widget");
        setTextField("widgetName", "My Widget");
        submit();
        assertTextPresent("Widget successfully added."):
    }
</source>
</subsection>

<subsection name="Validating Table Content">
<p>
    A number of assertions are provided by JWebUnit to validate the contents of tables on a page.
    You can simply check for the presence of text within a table, or check layout of all or a portion
    of the table.  HttpUnit is used to purge empty rows and columns from the actual table before comparison,
    so you may leave spacer cells and rows out of your check.
</p>
<p>
    The below test validates against this html table (the table id attribute is "ageTable"):
</p>
<p>
    <table border="1" cellpadding="2">
        <tr><td>Name</td><td>Age</td></tr>
        <tr><td>Jim</td><td>30ish</td></tr>
        <tr><td>Wilkes</td><td>20ish</td></tr>
    </table>
</p>
<source>
    @Test
    public void testAgeTable() {
        beginAt("agePage.html");
        <i>// check that table is present</i>
        assertTablePresent("ageTable");
        
        <i>// check that a single string is present somewhere in table</i>
        assertTextInTable("ageTable", "Jim");
        
        <i>// check that a set of strings are present somewhere in table</i>
        assertTextInTable("ageTable",
                          new String[] {"Jim", "Wilkes"});
                          
        <i>// check composition of table rows/columns</i>
        assertTableEquals("ageTable",
                          new String[][] {{"Name", "Age"},
                                          {"Jim", "30ish"},
                                          {"Wilkes", "20ish"}});
    }
</source>
<p>
    If you need to validate non-blank table cells that span more than a single column, a set of classes are provided
    which represent expected tables, rows, and cells.
</p>
<p>
    <table border="1" cellpadding="2">
        <tr><td colspan="2">Age Table</td></tr>
        <tr><td>Name</td><td>Age</td></tr>
        <tr><td>Jim</td><td>30ish</td></tr>
        <tr><td>Wilkes</td><td>20ish</td></tr>
    </table>
</p>
<source>
    @Test
    public void testAgeTable() {
        beginAt("agePage.html");
        ExpectedTable ageTable = new Table(new Object[][] {
            {new Cell("Age Table", 2, 1)},
            {"Name", "Age"},
            {"Jim", "30ish"},
            {"Wilkes", "20ish"}
        });
        assertTableEquals("ageTable", expectedAgeTable);
    }
</source>
</subsection>


<subsection name="Using Element IDs to Validate Content">
<p>
	JWebUnit allows you to check for the presence of any html element by its id, or for text in an element.
	This can be a useful trick to check for the presence of some logical part of the page.
	Even in the case of free floating text, a span element can be used to surround the text
	and give it a logical id:
</p>
<p><![CDATA[<span id="welcomeMessage">Welcome, Joe User!</span>]]>
</p>
<source>
    @Test
    public void testWelcomeMessage() {
        beginAt("mainPage.xhtml");
        
        <i>// check for presence of welcome message by text</i>
        assertTextPresent("Welcome, Joe User!");
        
        <i>// check for presence of welcome message by element id</i>
        assertElementPresent("welcomeMessage");
        
        <i>// check for text within an element</i>
        assertTextInElement("welcomeMessage", "Joe User");
    }
</source>
</subsection>


<subsection name="Using Property Files to Validate Content">
	<p>
		Another useful testing trick is to use property files for your expected values rather than hard-coded strings.
		This is especially useful if your application uses property files as a source for static text and
		messages.  The same files can be used to provide the expected values for the tests.<p>
		For convenience, most of the JWebUnit assertions that take strings for the expected have an equivalent assertion that will
		take a property file key.  You can use the TestContext to set the bundle to be used as well as the
		Locale (default is Locale.getDefault()).
	</p>
<source>
    @Before
    public void prepare() {
        setbaseUrl("http://myserver:8080/myapp");
        getTestContext().setResourceBundleName("ApplicationResources");
    }

    @Test
    public void testMainPage() {
        beginAt("mainPage.html");
        assertTitleEqualsKey("title.mainPage");
        assertKeyPresent("message.welcome");
        assertKeyInTable("mainPageTable", "header.mainPageTable");
    }
</source>
		There is also a getMessage() method on WebTester, WebTestCase and JWebUnit that can be used to access
		resource bundle messages directly in your tests.
	</p>
	<p>
		Whether to check for a given logical chunk of text by hard-coded string, property file lookup, or
		by use of an element id is up to you.
	</p>
	<p>
		For more information, consult the <a href="apidocs/index.html">Javadocs</a>.
	</p>
</subsection>


</section>
</body>
</document>
